;N,Name,HBW,HBO,NHB
1,CIVTT,-0.0509846449815717,-0.03244381149095126,-0.03758566555829562
2,CSWAIT,0,0,0
3,CLWAIT,0,0,0
4,CXWAIT,0,0,0
5,CCOST,-0.0016568795260861538,-0.0017282385499157336,-0.001387343391962048
6,CDRIVE,0,0,0
7,CTERML,0,0,0
8,CWALK,0,0,0
9,CWALK1,-0.09059464845249365,-0.07190517038394731,-0.08628030339793272
10,CWALK2,-0.14684589135979248,-0.10242434114494743,-0.1317213767429852
11,CBIKE1,0,0,0
12,CBIKE2,0,0,0
13,DWalkBIKE,1,1,1
14,NC1,1,1,1
15,NC2,1,1,1
16,NC3,1,1,1
17,CBD,0,0,0
18,NXFER,0,0,0
19,AUTOCOST,20.148090998977633,16.654697555816927,20.052963206763348
20,SHAREFAC,0,0,0
